Chrome Hearts Leather Fleur de Lis Mini,https://www.therealreal.com/products/women/handbags/handle-bags/chrome-hearts-leather-fleur-de-lis-mini-q5two
Chrome Hearts Leather Cross Shoe,https://www.therealreal.com/products/men/bags/other/chrome-hearts-leather-cross-shoe-q396f
Chrome Hearts Nylon Garment Bag,https://www.therealreal.com/products/men/bags/garment-covers/chrome-hearts-nylon-garment-bag-q39iz
Chrome Hearts Leather Big Fleur,https://www.therealreal.com/products/men/bags/weekenders/chrome-hearts-leather-big-fleur-q38zg
Chrome Hearts Nylon Dagger,https://www.therealreal.com/products/men/bags/portfolios-and-pouches/chrome-hearts-nylon-dagger-q39bk
Chrome Hearts Nylon Dagger,https://www.therealreal.com/products/men/bags/portfolios-and-pouches/chrome-hearts-nylon-dagger-q3991
Chrome Hearts Nylon Dagger,https://www.therealreal.com/products/men/bags/portfolios-and-pouches/chrome-hearts-nylon-dagger-q39cx
Chrome Hearts Nylon Dagger,https://www.therealreal.com/products/men/bags/portfolios-and-pouches/chrome-hearts-nylon-dagger-q39c6
Chrome Hearts Nylon Dagger,https://www.therealreal.com/products/men/bags/portfolios-and-pouches/chrome-hearts-nylon-dagger-q39at
Chrome Hearts Nylon Portfolio,https://www.therealreal.com/products/men/bags/portfolios-and-pouches/chrome-hearts-nylon-portfolio-q399v
Chrome Hearts Leather Pulp 2025,https://www.therealreal.com/products/women/handbags/mini-bags/chrome-hearts-leather-pulp-2025-paerg
Chrome Hearts Leather Shoulder Bag,https://www.therealreal.com/products/women/handbags/shoulder-bags/chrome-hearts-leather-shoulder-bag-q0s5e
Chrome Hearts Nylon Shoulder Bag,https://www.therealreal.com/products/women/handbags/shoulder-bags/chrome-hearts-nylon-shoulder-bag-p4003
Chrome Hearts Leather Square Cross,https://www.therealreal.com/products/women/handbags/crossbody-bags/chrome-hearts-leather-square-cross-p6qh8
Chrome Hearts Signature Tote 2024,https://www.therealreal.com/products/women/handbags/totes/chrome-hearts-signature-tote-2024-otq4u
Chrome Hearts Faux Fur Bucket Bag,https://www.therealreal.com/products/women/handbags/luggage-and-travel/chrome-hearts-faux-fur-bucket-bag-p6lxy
Chrome Hearts Backpack,https://www.therealreal.com/products/women/handbags/backpacks/chrome-hearts-backpack-mqwzv
Chrome Hearts Leather Top Handle Bag,https://www.therealreal.com/products/women/handbags/handle-bags/chrome-hearts-leather-top-handle-bag-oz7tw
Chrome Hearts Leather Fleur de Lis,https://www.therealreal.com/products/women/handbags/clutches/chrome-hearts-leather-fleur-de-lis-o89xv
Chrome Hearts Leather Doc Adams,https://www.therealreal.com/products/women/handbags/handle-bags/chrome-hearts-leather-doc-adams-q239j
Chrome Hearts Leather Tote,https://www.therealreal.com/products/women/handbags/totes/chrome-hearts-leather-tote-q3qyc
Chrome Hearts Leather Shoulder Bag,https://www.therealreal.com/products/women/handbags/shoulder-bags/chrome-hearts-leather-shoulder-bag-pr4kf
Chrome Hearts Leather Top Handle Bag,https://www.therealreal.com/products/men/bags/weekenders/chrome-hearts-leather-top-handle-bag-ps5e4
Chrome Hearts Ponyhair Leather Cross,https://www.therealreal.com/products/women/handbags/mini-bags/chrome-hearts-ponyhair-leather-cross-q30hl
Chrome Hearts Quilted Briefcase,https://www.therealreal.com/products/men/bags/briefcases/chrome-hearts-quilted-briefcase-pglsl
Chrome Hearts Shearling Shoulder Bag,https://www.therealreal.com/products/women/handbags/shoulder-bags/chrome-hearts-shearling-shoulder-bag-pf6hi
Chrome Hearts Leather Bowling Bag,https://www.therealreal.com/products/men/luggage/carry-ons/chrome-hearts-leather-bowling-bag-q38qz
Chrome Hearts Shearling Shoulder Bag,https://www.therealreal.com/products/women/handbags/shoulder-bags/chrome-hearts-shearling-shoulder-bag-q8aia
Chrome Hearts Leather F Slinger,https://www.therealreal.com/products/women/handbags/crossbody-bags/chrome-hearts-leather-f-slinger-pukdi
Chrome Hearts Leather Shoulder Bag,https://www.therealreal.com/products/women/handbags/shoulder-bags/chrome-hearts-leather-shoulder-bag-pqpc4
Chrome Hearts Leather Gunslinger,https://www.therealreal.com/products/women/handbags/backpacks/chrome-hearts-leather-gunslinger-pukft
Chrome Hearts Leather Top Handle Bag,https://www.therealreal.com/products/women/handbags/handle-bags/chrome-hearts-leather-top-handle-bag-pt1up
Chrome Hearts Leather Spider Web Dinner Clutch,https://www.therealreal.com/products/women/handbags/shoulder-bags/chrome-hearts-leather-spider-web-dinner-clutch-ps42z
Chrome Hearts Suede Bucket Bag,https://www.therealreal.com/products/women/handbags/bucket-bags/chrome-hearts-suede-bucket-bag-pdda4
Chrome Hearts Leather Hobo,https://www.therealreal.com/products/women/handbags/crossbody-bags/chrome-hearts-leather-hobo-pev7v
Chrome Hearts Nylon Shoulder Bag,https://www.therealreal.com/products/women/handbags/shoulder-bags/chrome-hearts-nylon-shoulder-bag-po8ud
Chrome Hearts PVC Top Handle Bag,https://www.therealreal.com/products/women/handbags/handle-bags/chrome-hearts-pvc-top-handle-bag-nb1mu
Chrome Hearts Fur Night Cemetery Cross Patch,https://www.therealreal.com/products/women/handbags/shoulder-bags/chrome-hearts-fur-night-cemetery-cross-patch-peysl
Chrome Hearts Leather Clutch,https://www.therealreal.com/products/women/handbags/clutches/chrome-hearts-leather-clutch-p7hyr
Chrome Hearts Leather Snat,https://www.therealreal.com/products/men/bags/waist-bags/chrome-hearts-leather-snat-p6lop
Chrome Hearts Leather Maltese Cross,https://www.therealreal.com/products/women/handbags/clutches/chrome-hearts-leather-maltese-cross-p6mv3
Chrome Hearts Suede Messenger Bag,https://www.therealreal.com/products/women/handbags/crossbody-bags/chrome-hearts-suede-messenger-bag-p357g
Chrome Hearts Alligator Top Handle Bag,https://www.therealreal.com/products/women/handbags/handle-bags/chrome-hearts-alligator-top-handle-bag-p4s2d
Chrome Hearts Leather Shoulder Bag,https://www.therealreal.com/products/women/handbags/shoulder-bags/chrome-hearts-leather-shoulder-bag-mjlf9
Chrome Hearts Leather Tote,https://www.therealreal.com/products/women/handbags/totes/chrome-hearts-leather-tote-oz81y
Chrome Hearts Raffia Tote,https://www.therealreal.com/products/women/handbags/totes/chrome-hearts-raffia-tote-oo937
Chrome Hearts Cuban Link Keychain,https://www.therealreal.com/products/men/accessories/keychains/chrome-hearts-cuban-link-keychain-no8z1
Chrome Hearts Leather Quilted Cross,https://www.therealreal.com/products/women/handbags/clutches/chrome-hearts-leather-quilted-cross-o4rhh
Chrome Hearts Leather Doc Adams,https://www.therealreal.com/products/women/handbags/handle-bags/chrome-hearts-leather-doc-adams-nzbu0
Chrome Hearts Leather Tiny Duffle Boston,https://www.therealreal.com/products/men/bags/weekenders/chrome-hearts-leather-tiny-duffle-boston-nwujt
Chrome Hearts Leather Shoulder Bag,https://www.therealreal.com/products/women/handbags/shoulder-bags/chrome-hearts-leather-shoulder-bag-nrnku
Chrome Hearts Calf Hair Clutch,https://www.therealreal.com/products/women/handbags/clutches/chrome-hearts-calf-hair-clutch
Chrome Hearts Leather Clutch,https://www.therealreal.com/products/women/handbags/clutches/chrome-hearts-leather-clutch
Chrome Hearts Silver Pouch,https://www.therealreal.com/products/women/handbags/mini-bags/chrome-hearts-silver-pouch
