商品名称,连接
Chrome Hearts Leather Waist Belt,https://www.therealreal.com/products/women/accessories/belts/chrome-hearts-leather-waist-belt-q7po1
Chrome Hearts Leather Belt,https://www.therealreal.com/products/women/accessories/belts/chrome-hearts-leather-belt-q7pqh
Chrome Hearts Leather Waist Belt,https://www.therealreal.com/products/men/accessories/belts/chrome-hearts-leather-waist-belt-poydl
Chrome Hearts Strap Wide Waist Belt,https://www.therealreal.com/products/men/accessories/belts/chrome-hearts-strap-wide-waist-belt-pqp9k
Chrome Hearts Leather Waist Belt,https://www.therealreal.com/products/men/accessories/belts/chrome-hearts-leather-waist-belt-pqp93
Chrome Hearts Leather Waist Belt,https://www.therealreal.com/products/men/accessories/belts/chrome-hearts-leather-waist-belt-pqp8n
Chrome Hearts Leather Waist Belt,https://www.therealreal.com/products/men/accessories/belts/chrome-hearts-leather-waist-belt-p62mj
Chrome Hearts Skinny Leather Belt,https://www.therealreal.com/products/women/accessories/belts/chrome-hearts-skinny-leather-belt-px5bm
Chrome Hearts Cross Patch Leather Belt,https://www.therealreal.com/products/women/accessories/belts/chrome-hearts-cross-patch-leather-belt-pn3up
Chrome Hearts Oval Cross Leather Belt,https://www.therealreal.com/products/men/accessories/belts/chrome-hearts-oval-cross-leather-belt-ptuwj
Chrome Hearts Oval Cross Leather Belt,https://www.therealreal.com/products/women/accessories/belts/chrome-hearts-oval-cross-leather-belt-ptlwa
Chrome Hearts Leather Waist Belt,https://www.therealreal.com/products/men/accessories/belts/chrome-hearts-leather-waist-belt-pblli
Chrome Hearts Star Leather Belt,https://www.therealreal.com/products/men/accessories/belts/chrome-hearts-star-leather-belt-pc2ol
Chrome Hearts Scroll Ring Belt,https://www.therealreal.com/products/men/accessories/belts/chrome-hearts-scroll-ring-belt-p7yxx
Chrome Hearts Double Roller Leather Waist Belt,https://www.therealreal.com/products/men/accessories/belts/chrome-hearts-double-roller-leather-waist-belt-p7rqg
Chrome Hearts Leather Waist Belt,https://www.therealreal.com/products/men/accessories/belts/chrome-hearts-leather-waist-belt-p14wa
Chrome Hearts Star Leather Belt,https://www.therealreal.com/products/men/accessories/belts/chrome-hearts-star-leather-belt-p14ya
Chrome Hearts Vintage Bronze Gunslinger Waist Belt,https://www.therealreal.com/products/men/accessories/belts/chrome-hearts-vintage-bronze-gunslinger-waist-belt-omhpd
Chrome Hearts Roller Belt Leather Belt,https://www.therealreal.com/products/men/accessories/belts/chrome-hearts-roller-belt-leather-belt-otrz7
Chrome Hearts Leather Cross Shoe,https://www.therealreal.com/products/men/bags/other/chrome-hearts-leather-cross-shoe-q396f
Chrome Hearts Leather Big Fleur,https://www.therealreal.com/products/men/bags/weekenders/chrome-hearts-leather-big-fleur-q38zg
Chrome Hearts Nylon Garment Bag,https://www.therealreal.com/products/men/bags/garment-covers/chrome-hearts-nylon-garment-bag-q39iz
Chrome Hearts Nylon Dagger,https://www.therealreal.com/products/men/bags/portfolios-and-pouches/chrome-hearts-nylon-dagger-q39bk
Chrome Hearts Nylon Dagger,https://www.therealreal.com/products/men/bags/portfolios-and-pouches/chrome-hearts-nylon-dagger-q3991
Chrome Hearts Nylon Dagger,https://www.therealreal.com/products/men/bags/portfolios-and-pouches/chrome-hearts-nylon-dagger-q39cx
Chrome Hearts Nylon Dagger,https://www.therealreal.com/products/men/bags/portfolios-and-pouches/chrome-hearts-nylon-dagger-q39c6
Chrome Hearts Nylon Dagger,https://www.therealreal.com/products/men/bags/portfolios-and-pouches/chrome-hearts-nylon-dagger-q39at
Chrome Hearts Nylon Portfolio,https://www.therealreal.com/products/men/bags/portfolios-and-pouches/chrome-hearts-nylon-portfolio-q399v
Chrome Hearts Leather Pulp 2025,https://www.therealreal.com/products/women/handbags/mini-bags/chrome-hearts-leather-pulp-2025-paerg
Chrome Hearts Leather Shoulder Bag,https://www.therealreal.com/products/women/handbags/shoulder-bags/chrome-hearts-leather-shoulder-bag-q0s5e
Chrome Hearts Nylon Shoulder Bag,https://www.therealreal.com/products/women/handbags/shoulder-bags/chrome-hearts-nylon-shoulder-bag-p4003
Chrome Hearts Leather Square Cross,https://www.therealreal.com/products/women/handbags/crossbody-bags/chrome-hearts-leather-square-cross-p6qh8
Chrome Hearts Signature Tote 2024,https://www.therealreal.com/products/women/handbags/totes/chrome-hearts-signature-tote-2024-otq4u
Chrome Hearts Faux Fur Bucket Bag,https://www.therealreal.com/products/women/handbags/luggage-and-travel/chrome-hearts-faux-fur-bucket-bag-p6lxy
Chrome Hearts Backpack,https://www.therealreal.com/products/women/handbags/backpacks/chrome-hearts-backpack-mqwzv
Chrome Hearts Leather Top Handle Bag,https://www.therealreal.com/products/women/handbags/handle-bags/chrome-hearts-leather-top-handle-bag-oz7tw
Chrome Hearts Leather Fleur de Lis,https://www.therealreal.com/products/women/handbags/clutches/chrome-hearts-leather-fleur-de-lis-o89xv
Chrome Hearts Leather Doc Adams,https://www.therealreal.com/products/women/handbags/handle-bags/chrome-hearts-leather-doc-adams-q239j
Chrome Hearts Leather Tote,https://www.therealreal.com/products/women/handbags/totes/chrome-hearts-leather-tote-q3qyc
Chrome Hearts Leather Shoulder Bag,https://www.therealreal.com/products/women/handbags/shoulder-bags/chrome-hearts-leather-shoulder-bag-pr4kf
Chrome Hearts Leather Top Handle Bag,https://www.therealreal.com/products/men/bags/weekenders/chrome-hearts-leather-top-handle-bag-ps5e4
Chrome Hearts Ponyhair Leather Cross,https://www.therealreal.com/products/women/handbags/mini-bags/chrome-hearts-ponyhair-leather-cross-q30hl
Chrome Hearts Quilted Briefcase,https://www.therealreal.com/products/men/bags/briefcases/chrome-hearts-quilted-briefcase-pglsl
Chrome Hearts Shearling Shoulder Bag,https://www.therealreal.com/products/women/handbags/shoulder-bags/chrome-hearts-shearling-shoulder-bag-pf6hi
Chrome Hearts Leather Bowling Bag,https://www.therealreal.com/products/men/luggage/carry-ons/chrome-hearts-leather-bowling-bag-q38qz
Chrome Hearts Shearling Shoulder Bag,https://www.therealreal.com/products/women/handbags/shoulder-bags/chrome-hearts-shearling-shoulder-bag-q8aia
Chrome Hearts Leather F Slinger,https://www.therealreal.com/products/women/handbags/crossbody-bags/chrome-hearts-leather-f-slinger-pukdi
Chrome Hearts Leather Shoulder Bag,https://www.therealreal.com/products/women/handbags/shoulder-bags/chrome-hearts-leather-shoulder-bag-pqpc4
Chrome Hearts Leather Gunslinger,https://www.therealreal.com/products/women/handbags/backpacks/chrome-hearts-leather-gunslinger-pukft
Chrome Hearts Leather Top Handle Bag,https://www.therealreal.com/products/women/handbags/handle-bags/chrome-hearts-leather-top-handle-bag-pt1up
Chrome Hearts Leather Spider Web Dinner Clutch,https://www.therealreal.com/products/women/handbags/shoulder-bags/chrome-hearts-leather-spider-web-dinner-clutch-ps42z
Chrome Hearts Suede Bucket Bag,https://www.therealreal.com/products/women/handbags/bucket-bags/chrome-hearts-suede-bucket-bag-pdda4
Chrome Hearts Leather Hobo,https://www.therealreal.com/products/women/handbags/crossbody-bags/chrome-hearts-leather-hobo-pev7v
Chrome Hearts Nylon Shoulder Bag,https://www.therealreal.com/products/women/handbags/shoulder-bags/chrome-hearts-nylon-shoulder-bag-po8ud
Chrome Hearts PVC Top Handle Bag,https://www.therealreal.com/products/women/handbags/handle-bags/chrome-hearts-pvc-top-handle-bag-nb1mu
Chrome Hearts Fur Night Cemetery Cross Patch,https://www.therealreal.com/products/women/handbags/shoulder-bags/chrome-hearts-fur-night-cemetery-cross-patch-peysl
Chrome Hearts Leather Clutch,https://www.therealreal.com/products/women/handbags/clutches/chrome-hearts-leather-clutch-p7hyr
Chrome Hearts Leather Snat,https://www.therealreal.com/products/men/bags/waist-bags/chrome-hearts-leather-snat-p6lop
Chrome Hearts Leather Maltese Cross,https://www.therealreal.com/products/women/handbags/clutches/chrome-hearts-leather-maltese-cross-p6mv3
Chrome Hearts Suede Messenger Bag,https://www.therealreal.com/products/women/handbags/crossbody-bags/chrome-hearts-suede-messenger-bag-p357g
Chrome Hearts Alligator Top Handle Bag,https://www.therealreal.com/products/women/handbags/handle-bags/chrome-hearts-alligator-top-handle-bag-p4s2d
Chrome Hearts Leather Shoulder Bag,https://www.therealreal.com/products/women/handbags/shoulder-bags/chrome-hearts-leather-shoulder-bag-mjlf9
Chrome Hearts Leather Tote,https://www.therealreal.com/products/women/handbags/totes/chrome-hearts-leather-tote-oz81y
Chrome Hearts Raffia Tote,https://www.therealreal.com/products/women/handbags/totes/chrome-hearts-raffia-tote-oo937
Chrome Hearts Cuban Link Keychain,https://www.therealreal.com/products/men/accessories/keychains/chrome-hearts-cuban-link-keychain-no8z1
Chrome Hearts Leather Quilted Cross,https://www.therealreal.com/products/women/handbags/clutches/chrome-hearts-leather-quilted-cross-o4rhh
Chrome Hearts Leather Doc Adams,https://www.therealreal.com/products/women/handbags/handle-bags/chrome-hearts-leather-doc-adams-nzbu0
Chrome Hearts Leather Tiny Duffle Boston,https://www.therealreal.com/products/men/bags/weekenders/chrome-hearts-leather-tiny-duffle-boston-nwujt
Chrome Hearts Leather Shoulder Bag,https://www.therealreal.com/products/women/handbags/shoulder-bags/chrome-hearts-leather-shoulder-bag-nrnku
Chrome Hearts Silver Pouch,https://www.therealreal.com/products/women/handbags/mini-bags/chrome-hearts-silver-pouch
Chrome Hearts Calf Hair Clutch,https://www.therealreal.com/products/women/handbags/clutches/chrome-hearts-calf-hair-clutch
Chrome Hearts Leather Clutch,https://www.therealreal.com/products/women/handbags/clutches/chrome-hearts-leather-clutch
Chrome Hearts CH Forever Spacer Band,https://www.therealreal.com/products/jewelry/rings/band/chrome-hearts-ch-forever-spacer-band-q4qqq
Chrome Hearts Baby Fleurknee Ring,https://www.therealreal.com/products/jewelry/rings/band/chrome-hearts-baby-fleurknee-ring-q6i8t
Chrome Hearts CH+ Punk Band,https://www.therealreal.com/products/jewelry/rings/band/chrome-hearts-ch-punk-band-pm8qe
Chrome Hearts Fleur De Lis Pendant,https://www.therealreal.com/products/jewelry/necklaces/pendant-necklace/chrome-hearts-fleur-de-lis-pendant-pmgrb
Chrome Hearts 22K Diamond Cross Pendant,https://www.therealreal.com/products/jewelry/necklaces/pendant-necklace/chrome-hearts-22k-diamond-cross-pendant-pf3le
Chrome Hearts Tiny E CH Plus Cross Bracelet,https://www.therealreal.com/products/jewelry/bracelets/link/chrome-hearts-tiny-e-ch-plus-cross-bracelet-pktqc
Chrome Hearts 22K Diamond Cross Cocktail Ring,https://www.therealreal.com/products/jewelry/rings/cocktail-ring/chrome-hearts-22k-diamond-cross-cocktail-ring-odb3x
Chrome Hearts Diamond FOTI Skeleton School Girl Pendant Necklace,https://www.therealreal.com/products/jewelry/necklaces/pendant-necklace/chrome-hearts-diamond-foti-skeleton-school-girl-pendant-necklace-odbc7
Chrome Hearts Diamond Big PJ Angel Ring,https://www.therealreal.com/products/jewelry/rings/band/chrome-hearts-diamond-big-pj-angel-ring-od2jm
Chrome Hearts XL Spike Pendant,https://www.therealreal.com/products/jewelry/necklaces/pendant-necklace/chrome-hearts-xl-spike-pendant-p9yv5
Chrome Hearts Diamond Double Fleur de Lis Link Bracelet,https://www.therealreal.com/products/jewelry/bracelets/link/chrome-hearts-diamond-double-fleur-de-lis-link-bracelet-of7xa
Chrome Hearts Fleur De Lis Pendant,https://www.therealreal.com/products/jewelry/necklaces/pendant-necklace/chrome-hearts-fleur-de-lis-pendant-p80lu
Chrome Hearts Diamond Large Star Ring,https://www.therealreal.com/products/jewelry/rings/cocktail-ring/chrome-hearts-diamond-large-star-ring-od1hj
Chrome Hearts Vintage Keeper Link Bracelet,https://www.therealreal.com/products/jewelry/bracelets/link/chrome-hearts-vintage-keeper-link-bracelet-of1l9
Chrome Hearts Diamond Flying Skull Signet Ring,https://www.therealreal.com/products/jewelry/rings/band/chrome-hearts-diamond-flying-skull-signet-ring-od7ad
Chrome Hearts Sapphire Floral Band,https://www.therealreal.com/products/jewelry/rings/band/chrome-hearts-sapphire-floral-band-od1ps
Chrome Hearts Large Maltese Cross Pendant,https://www.therealreal.com/products/jewelry/necklaces/pendant-necklace/chrome-hearts-large-maltese-cross-pendant-pcxh4
Chrome Hearts Foti Harris 3.41ctw Diamond Skull Pendant Necklace,https://www.therealreal.com/products/jewelry/necklaces/pendant-necklace/chrome-hearts-foti-harris-3-41ctw-diamond-skull-pendant-necklace-oedew
Chrome Hearts Foti Harris 5.57ctw Diamond Skull Pendant Necklace,https://www.therealreal.com/products/jewelry/necklaces/pendant-necklace/chrome-hearts-foti-harris-5-57ctw-diamond-skull-pendant-necklace-oeezd
Chrome Hearts x Kate Hudson 22K Diamond Signet Ring,https://www.therealreal.com/products/jewelry/rings/band/chrome-hearts-x-kate-hudson-22k-diamond-signet-ring-p0nbt
Chrome Hearts Foti Mahalia Winged Skull Pendant,https://www.therealreal.com/products/jewelry/necklaces/pendant-necklace/chrome-hearts-foti-mahalia-winged-skull-pendant-p79c2
Chrome Hearts x Kate Hudson 22K Diamond Double Ring,https://www.therealreal.com/products/jewelry/rings/band/chrome-hearts-x-kate-hudson-22k-diamond-double-ring-p0ncg
Chrome Hearts 6.41ctw Diamond Cross Cocktail Ring,https://www.therealreal.com/products/jewelry/rings/cocktail-ring/chrome-hearts-6-41ctw-diamond-cross-cocktail-ring-od05m
Chrome Hearts 22K Diamond Cross Drop Earring,https://www.therealreal.com/products/jewelry/earrings/drop/chrome-hearts-22k-diamond-cross-drop-earring-p17hl
Chrome Hearts 22K Cross Band Ring,https://www.therealreal.com/products/jewelry/rings/band/chrome-hearts-22k-cross-band-ring-oefwx
Chrome Hearts 22K Maltese Cross Explicit Band,https://www.therealreal.com/products/jewelry/rings/band/chrome-hearts-22k-maltese-cross-explicit-band-or29s
Chrome Hearts Floral Cross Ring,https://www.therealreal.com/products/jewelry/rings/band/chrome-hearts-floral-cross-ring-qa5f3
Chrome Hearts Maltese Cross Spinner Band,https://www.therealreal.com/products/jewelry/rings/band/chrome-hearts-maltese-cross-spinner-band-q3gbm
Chrome Hearts Large Flerknee Safety Pin Brooch,https://www.therealreal.com/products/jewelry/brooches/pin/chrome-hearts-large-flerknee-safety-pin-brooch-q3b6e
Chrome Hearts Tiny Cross Pendant,https://www.therealreal.com/products/jewelry/charms/chrome-hearts-tiny-cross-pendant-q2adb
Chrome Hearts Star Ring,https://www.therealreal.com/products/jewelry/rings/cocktail-ring/chrome-hearts-star-ring-q8ech
Chrome Hearts Explicit Spacer Ring,https://www.therealreal.com/products/jewelry/rings/band/chrome-hearts-explicit-spacer-ring-q6i70
Chrome Hearts Bubble Gum Cross Ring,https://www.therealreal.com/products/jewelry/rings/cocktail-ring/chrome-hearts-bubble-gum-cross-ring-q6i9o
Chrome Hearts 'True F*cking Punk' Band,https://www.therealreal.com/products/jewelry/rings/band/chrome-hearts-true-f-cking-punk-band-qa5e4
Chrome Hearts Double Maltese Cross Charm Pendant Necklace,https://www.therealreal.com/products/jewelry/necklaces/pendant-necklace/chrome-hearts-double-maltese-cross-charm-pendant-necklace-ppfb3
Chrome Hearts Explicit Spacer Ring,https://www.therealreal.com/products/jewelry/rings/band/chrome-hearts-explicit-spacer-ring-pmi66
Chrome Hearts Cross Pendant Necklace,https://www.therealreal.com/products/jewelry/necklaces/pendant-necklace/chrome-hearts-cross-pendant-necklace-pp5lc
Chrome Hearts CH Forever Spacer Band,https://www.therealreal.com/products/jewelry/rings/band/chrome-hearts-ch-forever-spacer-band-pxtyt
Chrome Hearts Jojo 3 Drop Single Earring,https://www.therealreal.com/products/jewelry/earrings/drop/chrome-hearts-jojo-3-drop-single-earring-pu6uz
Chrome Hearts Paper Chain Necklace,https://www.therealreal.com/products/jewelry/necklaces/chain/chrome-hearts-paper-chain-necklace-pqtbp
Chrome Hearts Ball Maltese & Cross Pendant Necklace,https://www.therealreal.com/products/jewelry/necklaces/pendant-necklace/chrome-hearts-ball-maltese-cross-pendant-necklace-pyjzr
Chrome Hearts Nail Ring,https://www.therealreal.com/products/jewelry/rings/band/chrome-hearts-nail-ring-q1p1a
Chrome Hearts Rubber Matelasse Cross Pendant Necklace,https://www.therealreal.com/products/jewelry/necklaces/pendant-necklace/chrome-hearts-rubber-matelasse-cross-pendant-necklace-pt5o1
Chrome Hearts Triple Cross Pendant Necklace,https://www.therealreal.com/products/jewelry/necklaces/pendant-necklace/chrome-hearts-triple-cross-pendant-necklace-pv1g1
Chrome Hearts x Rolling Stones Three Sided Tongue Pendant,https://www.therealreal.com/products/jewelry/necklaces/pendant-necklace/chrome-hearts-x-rolling-stones-three-sided-tongue-pendant-pv1ln
Chrome Hearts Cross Cocktail Ring,https://www.therealreal.com/products/jewelry/rings/band/chrome-hearts-cross-cocktail-ring-pu3uz
Chrome Hearts Nail Ring,https://www.therealreal.com/products/jewelry/rings/band/chrome-hearts-nail-ring-ps3d7
Chrome Hearts Maltese Pentagon Band,https://www.therealreal.com/products/jewelry/rings/band/chrome-hearts-maltese-pentagon-band-pnrwl
Chrome Hearts Dagger Dog Tag Pendant,https://www.therealreal.com/products/jewelry/necklaces/pendant-necklace/chrome-hearts-dagger-dog-tag-pendant-pktml
Chrome Hearts Nail Band,https://www.therealreal.com/products/jewelry/rings/band/chrome-hearts-nail-band-pqcn6
Chrome Hearts Silichrome Cross Pendant Necklace,https://www.therealreal.com/products/jewelry/necklaces/pendant-necklace/chrome-hearts-silichrome-cross-pendant-necklace-pnq3p
Chrome Hearts Cross Band,https://www.therealreal.com/products/jewelry/rings/band/chrome-hearts-cross-band-pqtda
Chrome Hearts Leather Cross Pendant Necklace,https://www.therealreal.com/products/jewelry/necklaces/pendant-necklace/chrome-hearts-leather-cross-pendant-necklace-pnaud
Chrome Hearts Silichrome Cross Pendant Necklace,https://www.therealreal.com/products/jewelry/necklaces/pendant-necklace/chrome-hearts-silichrome-cross-pendant-necklace-pdyb3
Chrome Hearts x Kate Hudson Sapphire Cocktail Ring,https://www.therealreal.com/products/jewelry/rings/cocktail-ring/chrome-hearts-x-kate-hudson-sapphire-cocktail-ring-plrno
Chrome Hearts Rubber Matelasse Cross Pendant Necklace,https://www.therealreal.com/products/jewelry/necklaces/pendant-necklace/chrome-hearts-rubber-matelasse-cross-pendant-necklace-pnq2e
Chrome Hearts Rubber Matelasse Cross Pendant Necklace,https://www.therealreal.com/products/jewelry/necklaces/pendant-necklace/chrome-hearts-rubber-matelasse-cross-pendant-necklace-pnq5z
Chrome Hearts Maltesse Cross Ring,https://www.therealreal.com/products/jewelry/rings/band/chrome-hearts-maltesse-cross-ring-pqcr2
Chrome Hearts Maltese Cross Band,https://www.therealreal.com/products/jewelry/rings/band/chrome-hearts-maltese-cross-band-pvqi4
Chrome Hearts Diamond Double Cross Pendant,https://www.therealreal.com/products/jewelry/necklaces/pendant-necklace/chrome-hearts-diamond-double-cross-pendant-ppptz
Chrome Hearts Maltese Cross Link Bracelet,https://www.therealreal.com/products/jewelry/bracelets/link/chrome-hearts-maltese-cross-link-bracelet-pngli
Chrome Hearts CH Forever Spacer Band,https://www.therealreal.com/products/jewelry/rings/band/chrome-hearts-ch-forever-spacer-band-pnglc
Chrome Hearts Maltese Cross Band,https://www.therealreal.com/products/jewelry/rings/band/chrome-hearts-maltese-cross-band-pfab8
Chrome Hearts Heart Ring,https://www.therealreal.com/products/jewelry/rings/band/chrome-hearts-heart-ring-pfkzo
Chrome Hearts CH Cross Baby Fat Pendant,https://www.therealreal.com/products/jewelry/necklaces/pendant-necklace/chrome-hearts-ch-cross-baby-fat-pendant-pfu1v
Chrome Hearts Cross Single Drop Earring,https://www.therealreal.com/products/jewelry/earrings/drop/chrome-hearts-cross-single-drop-earring-pp5na
Chrome Hearts Diamond Nail Ring,https://www.therealreal.com/products/jewelry/rings/band/chrome-hearts-diamond-nail-ring-ps3eh
Chrome Hearts Leather Fleur de Lis Wrap Bracelet,https://www.therealreal.com/products/jewelry/bracelets/wrap/chrome-hearts-leather-fleur-de-lis-wrap-bracelet-pj9iu
Chrome Hearts Fleur de Lis Pendant Maltese Cross Chain Necklace,https://www.therealreal.com/products/jewelry/necklaces/pendant-necklace/chrome-hearts-fleur-de-lis-pendant-maltese-cross-chain-necklace-okc8g
Chrome Hearts Maltese Cross Single Stud,https://www.therealreal.com/products/jewelry/earrings/stud/chrome-hearts-maltese-cross-single-stud-ppbg0
Chrome Hearts Dagger Spacer Band,https://www.therealreal.com/products/jewelry/rings/band/chrome-hearts-dagger-spacer-band-pc5v8
Chrome Hearts Nail Ring,https://www.therealreal.com/products/jewelry/rings/band/chrome-hearts-nail-ring-pcf14
Chrome Hearts Ruby Cross Pendant Necklace,https://www.therealreal.com/products/jewelry/necklaces/pendant-necklace/chrome-hearts-ruby-cross-pendant-necklace-oedel
Chrome Hearts 22K Diamond Paper Chain Necklace,https://www.therealreal.com/products/jewelry/necklaces/chain/chrome-hearts-22k-diamond-paper-chain-necklace-p9xrx
Chrome Hearts 22K Paper Chain Necklace,https://www.therealreal.com/products/jewelry/necklaces/chain/chrome-hearts-22k-paper-chain-necklace-pjlfr
Chrome Hearts Cross Dog Tag Pendant,https://www.therealreal.com/products/jewelry/necklaces/pendant-necklace/chrome-hearts-cross-dog-tag-pendant-ppbhk
Chrome Hearts Dagger & Cross Link ID Bracelet,https://www.therealreal.com/products/jewelry/bracelets/link/chrome-hearts-dagger-cross-link-id-bracelet-ovsez
Chrome Hearts Angel Medal Pendant Necklace,https://www.therealreal.com/products/jewelry/necklaces/pendant-necklace/chrome-hearts-angel-medal-pendant-necklace-pf0xf
Chrome Hearts Maltese Cross Cuff,https://www.therealreal.com/products/jewelry/bracelets/bangle/chrome-hearts-maltese-cross-cuff-plhqm
Chrome Hearts Maltese Cross Bubblegum Ring,https://www.therealreal.com/products/jewelry/rings/cocktail-ring/chrome-hearts-maltese-cross-bubblegum-ring-plz9z
Chrome Hearts Explicit Spacer Ring,https://www.therealreal.com/products/jewelry/rings/band/chrome-hearts-explicit-spacer-ring-pogf4
Chrome Hearts Cross Pendant,https://www.therealreal.com/products/jewelry/necklaces/pendant-necklace/chrome-hearts-cross-pendant-ppbbo
Chrome Hearts Silichrome Dagger Pendant Necklace,https://www.therealreal.com/products/jewelry/necklaces/pendant-necklace/chrome-hearts-silichrome-dagger-pendant-necklace-ppb96
Chrome Hearts CH Forever Spacer Band,https://www.therealreal.com/products/jewelry/rings/band/chrome-hearts-ch-forever-spacer-band-pp2wg
Chrome Hearts CH Forever Spacer Band,https://www.therealreal.com/products/jewelry/rings/band/chrome-hearts-ch-forever-spacer-band-ppym9
Chrome Hearts Initial 'A' Pendant Necklace,https://www.therealreal.com/products/jewelry/necklaces/pendant-necklace/chrome-hearts-initial-a-pendant-necklace-pgczl
Chrome Hearts Floral Cross Ring,https://www.therealreal.com/products/jewelry/rings/band/chrome-hearts-floral-cross-ring-pg7ik
Chrome Hearts Braided Leather Necklace,https://www.therealreal.com/products/jewelry/necklaces/lariat/chrome-hearts-braided-leather-necklace-p4uyv
Chrome Hearts Cross Chain Necklace,https://www.therealreal.com/products/jewelry/necklaces/chain/chrome-hearts-cross-chain-necklace-pcs3p
Chrome Hearts Baby Fat Cross Pendant Necklace,https://www.therealreal.com/products/jewelry/necklaces/pendant-necklace/chrome-hearts-baby-fat-cross-pendant-necklace-pedeo
Chrome Hearts Dagger Pendant & Maltese Cross Chain Necklace,https://www.therealreal.com/products/jewelry/necklaces/pendant-necklace/chrome-hearts-dagger-pendant-maltese-cross-chain-necklace-pa5wr
Chrome Hearts Wide Cross Ring,https://www.therealreal.com/products/jewelry/rings/cocktail-ring/chrome-hearts-wide-cross-ring-pmfpn
Chrome Hearts Open Dog Ring,https://www.therealreal.com/products/jewelry/rings/band/chrome-hearts-open-dog-ring-pgny3
Chrome Hearts Cross Band,https://www.therealreal.com/products/jewelry/rings/band/chrome-hearts-cross-band-pfkxo
Chrome Hearts Diamond Maltese Cross Link Bracelet,https://www.therealreal.com/products/jewelry/bracelets/link/chrome-hearts-diamond-maltese-cross-link-bracelet-pgq19
Chrome Hearts Silichrome Cross Pendant Necklace,https://www.therealreal.com/products/jewelry/necklaces/pendant-necklace/chrome-hearts-silichrome-cross-pendant-necklace-pckbi
Chrome Hearts Fleur de Lis Curb Link Bracelet,https://www.therealreal.com/products/jewelry/bracelets/link/chrome-hearts-fleur-de-lis-curb-link-bracelet-of7nf
Chrome Hearts Tiny E CH Plus Cross Bracelet,https://www.therealreal.com/products/jewelry/bracelets/link/chrome-hearts-tiny-e-ch-plus-cross-bracelet-pemwh
Chrome Hearts Maltese Cross Link Ring,https://www.therealreal.com/products/jewelry/rings/band/chrome-hearts-maltese-cross-link-ring-pa4r7
Chrome Hearts Cross Single Drop Earring,https://www.therealreal.com/products/jewelry/earrings/single-earring/chrome-hearts-cross-single-drop-earring-p841n
Chrome Hearts Pearl Cross Pendant Necklace,https://www.therealreal.com/products/jewelry/necklaces/pendant-necklace/chrome-hearts-pearl-cross-pendant-necklace-oef6f
Chrome Hearts Ruby Floral Cross ID Station Bracelet,https://www.therealreal.com/products/jewelry/bracelets/station/chrome-hearts-ruby-floral-cross-id-station-bracelet-of7th
Chrome Hearts Diamond Maltese Cross ID Bracelet,https://www.therealreal.com/products/jewelry/bracelets/link/chrome-hearts-diamond-maltese-cross-id-bracelet-p9yud
Chrome Hearts Maltese Cross Band,https://www.therealreal.com/products/jewelry/rings/band/chrome-hearts-maltese-cross-band-p4ttx
Chrome Hearts Spinel Maltese Cross Ring,https://www.therealreal.com/products/jewelry/rings/band/chrome-hearts-spinel-maltese-cross-ring-od0i8
Chrome Hearts Angel & Dagger Pendant Necklace,https://www.therealreal.com/products/jewelry/necklaces/pendant-necklace/chrome-hearts-angel-dagger-pendant-necklace-pgd1b
Chrome Hearts Cemetery Cross Ring,https://www.therealreal.com/products/jewelry/rings/band/chrome-hearts-cemetery-cross-ring-od18n
Chrome Hearts Leather Maltese Cross Bracelet,https://www.therealreal.com/products/jewelry/bracelets/wrap/chrome-hearts-leather-maltese-cross-bracelet-phwqm
Chrome Hearts Leather Wrap Buckle Bracelet,https://www.therealreal.com/products/jewelry/bracelets/wrap/chrome-hearts-leather-wrap-buckle-bracelet-pj94w
Chrome Hearts Star Charm,https://www.therealreal.com/products/jewelry/charms/chrome-hearts-star-charm-p6xwz
Chrome Hearts Diamond Foti Mahalia Winged Skull Cufflinks,https://www.therealreal.com/products/jewelry/cufflinks/chrome-hearts-diamond-foti-mahalia-winged-skull-cufflinks-oefoh
"Chrome Hearts Ruby, Sapphire & Diamond American Flag ID Station Bracelet",https://www.therealreal.com/products/jewelry/bracelets/station/chrome-hearts-ruby-sapphire-diamond-american-flag-id-station-bracelet-of2vp
Chrome Hearts CH Forever Spacer Band,https://www.therealreal.com/products/jewelry/rings/band/chrome-hearts-ch-forever-spacer-band-pe5q8
Chrome Hearts Fleur de Lis Pendant,https://www.therealreal.com/products/jewelry/necklaces/pendant-necklace/chrome-hearts-fleur-de-lis-pendant-oqvxt
Chrome Hearts x Rolling Stones Leather Wrap Bracelet,https://www.therealreal.com/products/jewelry/bracelets/wrap/chrome-hearts-x-rolling-stones-leather-wrap-bracelet-p6346
Chrome Hearts 22K Safety Pin Single Earring,https://www.therealreal.com/products/jewelry/earrings/drop/chrome-hearts-22k-safety-pin-single-earring-p23pv
Chrome Hearts CH Forever Spacer Band,https://www.therealreal.com/products/jewelry/rings/band/chrome-hearts-ch-forever-spacer-band-pfh85
Chrome Hearts Sapphire & Diamond Floral Cross ID Station Bracelet,https://www.therealreal.com/products/jewelry/bracelets/link/chrome-hearts-sapphire-diamond-floral-cross-id-station-bracelet-of71f
